title,price,upc,availability
Sapiens: A Brief History of Humankind,54.23,4165285e1663650f,In stock (20 available)
Sharp Objects,47.82,e00eb4fd7b871a48,In stock (20 available)
Soumission,50.10,6957f44c3847a760,In stock (20 available)
Tipping the Velvet,53.74,90fa61229261140a,In stock (20 available)
A Light in the Attic,51.77,a897fe39b1053632,In stock (22 available)
Olio,23.88,feb7cc7701ecf901,In stock (19 available)
Mesaerion: The Best Science Fiction Stories 1800-1849,37.59,e30f54cea9b38190,In stock (19 available)
It's Only the Himalayas,45.17,a22124811bfa8350,In stock (19 available)
Libertarianism for Beginners,51.33,a18a4f574854aced,In stock (19 available)
"Our Band Could Be Your Life: Scenes from the American Indie Underground, 1981-1991",57.25,deda3e61b9514b83,In stock (19 available)
Rip it Up and Start Again,35.02,a34ba96d4081e6a4,In stock (19 available)
Scott Pilgrim's Precious Little Life (Scott Pilgrim #1),52.29,3b1c02bac2a429e6,In stock (19 available)
Shakespeare's Sonnets,20.66,30a7f60cd76ca58c,In stock (19 available)
Set Me Free,17.46,ce6396b0f23f6ecc,In stock (19 available)
The Boys in the Boat: Nine Americans and Their Epic Quest for Gold at the 1936 Berlin Olympics,22.60,e10e1e165dc8be4a,In stock (19 available)
The Black Maria,52.15,1dfe412b8ac00530,In stock (19 available)
"Starving Hearts (Triangular Trade Trilogy, #1)",13.99,0312262ecafa5a40,In stock (19 available)
The Dirty Little Secrets of Getting Your Dream Job,33.34,2597b5a345f45e1b,In stock (19 available)
"The Coming Woman: A Novel Based on the Life of the Infamous Feminist, Victoria Woodhull",17.93,e72a5dfc7e9267b2,In stock (19 available)
The Requiem Red,22.65,f77dbf2323deb740,In stock (19 available)
title,price,upc,availability
It's Only the Himalayas,45.17,a22124811bfa8350,In stock (19 available)
Libertarianism for Beginners,51.33,a18a4f574854aced,In stock (19 available)
Mesaerion: The Best Science Fiction Stories 1800-1849,37.59,e30f54cea9b38190,In stock (19 available)
Scott Pilgrim's Precious Little Life (Scott Pilgrim #1),52.29,3b1c02bac2a429e6,In stock (19 available)
Olio,23.88,feb7cc7701ecf901,In stock (19 available)
"Our Band Could Be Your Life: Scenes from the American Indie Underground, 1981-1991",57.25,deda3e61b9514b83,In stock (19 available)
Set Me Free,17.46,ce6396b0f23f6ecc,In stock (19 available)
Rip it Up and Start Again,35.02,a34ba96d4081e6a4,In stock (19 available)
Shakespeare's Sonnets,20.66,30a7f60cd76ca58c,In stock (19 available)
"Starving Hearts (Triangular Trade Trilogy, #1)",13.99,0312262ecafa5a40,In stock (19 available)
The Black Maria,52.15,1dfe412b8ac00530,In stock (19 available)
The Boys in the Boat: Nine Americans and Their Epic Quest for Gold at the 1936 Berlin Olympics,22.60,e10e1e165dc8be4a,In stock (19 available)
"The Coming Woman: A Novel Based on the Life of the Infamous Feminist, Victoria Woodhull",17.93,e72a5dfc7e9267b2,In stock (19 available)
The Dirty Little Secrets of Getting Your Dream Job,33.34,2597b5a345f45e1b,In stock (19 available)
Sapiens: A Brief History of Humankind,54.23,4165285e1663650f,In stock (20 available)
The Requiem Red,22.65,f77dbf2323deb740,In stock (19 available)
Sharp Objects,47.82,e00eb4fd7b871a48,In stock (20 available)
Soumission,50.10,6957f44c3847a760,In stock (20 available)
Tipping the Velvet,53.74,90fa61229261140a,In stock (20 available)
A Light in the Attic,51.77,a897fe39b1053632,In stock (22 available)
title,price,upc,availability
Sharp Objects,47.82,e00eb4fd7b871a48,In stock (20 available)
Soumission,50.10,6957f44c3847a760,In stock (20 available)
Tipping the Velvet,53.74,90fa61229261140a,In stock (20 available)
A Light in the Attic,51.77,a897fe39b1053632,In stock (22 available)
"Our Band Could Be Your Life: Scenes from the American Indie Underground, 1981-1991",57.25,deda3e61b9514b83,In stock (19 available)
It's Only the Himalayas,45.17,a22124811bfa8350,In stock (19 available)
Libertarianism for Beginners,51.33,a18a4f574854aced,In stock (19 available)
Mesaerion: The Best Science Fiction Stories 1800-1849,37.59,e30f54cea9b38190,In stock (19 available)
Olio,23.88,feb7cc7701ecf901,In stock (19 available)
Rip it Up and Start Again,35.02,a34ba96d4081e6a4,In stock (19 available)
Scott Pilgrim's Precious Little Life (Scott Pilgrim #1),52.29,3b1c02bac2a429e6,In stock (19 available)
Shakespeare's Sonnets,20.66,30a7f60cd76ca58c,In stock (19 available)
Set Me Free,17.46,ce6396b0f23f6ecc,In stock (19 available)
"Starving Hearts (Triangular Trade Trilogy, #1)",13.99,0312262ecafa5a40,In stock (19 available)
The Black Maria,52.15,1dfe412b8ac00530,In stock (19 available)
"The Coming Woman: A Novel Based on the Life of the Infamous Feminist, Victoria Woodhull",17.93,e72a5dfc7e9267b2,In stock (19 available)
The Boys in the Boat: Nine Americans and Their Epic Quest for Gold at the 1936 Berlin Olympics,22.60,e10e1e165dc8be4a,In stock (19 available)
The Dirty Little Secrets of Getting Your Dream Job,33.34,2597b5a345f45e1b,In stock (19 available)
Sapiens: A Brief History of Humankind,54.23,4165285e1663650f,In stock (20 available)
The Requiem Red,22.65,f77dbf2323deb740,In stock (19 available)
title,price,upc,availability
Tipping the Velvet,53.74,90fa61229261140a,In stock (20 available)
A Light in the Attic,51.77,a897fe39b1053632,In stock (22 available)
The Black Maria,52.15,1dfe412b8ac00530,In stock (19 available)
Rip it Up and Start Again,35.02,a34ba96d4081e6a4,In stock (19 available)
"Starving Hearts (Triangular Trade Trilogy, #1)",13.99,0312262ecafa5a40,In stock (19 available)
Shakespeare's Sonnets,20.66,30a7f60cd76ca58c,In stock (19 available)
"Our Band Could Be Your Life: Scenes from the American Indie Underground, 1981-1991",57.25,deda3e61b9514b83,In stock (19 available)
Scott Pilgrim's Precious Little Life (Scott Pilgrim #1),52.29,3b1c02bac2a429e6,In stock (19 available)
Set Me Free,17.46,ce6396b0f23f6ecc,In stock (19 available)
The Boys in the Boat: Nine Americans and Their Epic Quest for Gold at the 1936 Berlin Olympics,22.60,e10e1e165dc8be4a,In stock (19 available)
"The Coming Woman: A Novel Based on the Life of the Infamous Feminist, Victoria Woodhull",17.93,e72a5dfc7e9267b2,In stock (19 available)
The Dirty Little Secrets of Getting Your Dream Job,33.34,2597b5a345f45e1b,In stock (19 available)
The Requiem Red,22.65,f77dbf2323deb740,In stock (19 available)
Sapiens: A Brief History of Humankind,54.23,4165285e1663650f,In stock (20 available)
Sharp Objects,47.82,e00eb4fd7b871a48,In stock (20 available)
Soumission,50.10,6957f44c3847a760,In stock (20 available)
Libertarianism for Beginners,51.33,a18a4f574854aced,In stock (19 available)
It's Only the Himalayas,45.17,a22124811bfa8350,In stock (19 available)
Mesaerion: The Best Science Fiction Stories 1800-1849,37.59,e30f54cea9b38190,In stock (19 available)
Olio,23.88,feb7cc7701ecf901,In stock (19 available)
